"","category","BG_consistent","BG1","BG2","BG3","BM3"
"1","3' UTR",0.407925407925408,0.891632373113855,0.754400670578374,1.06601592602106,1.49104503564597
"2","5' UTR",NA,0.0457247370827618,NA,0.0770613922424865,0.134759172317858
"3","Downstream",0.291375291375291,0.137174211248285,0.139703827884884,0.141279219111225,0.11302382194401
"4","Exon",1.34032634032634,2.9949702789209,1.59262363788768,2.97970716670948,4.34707007476961
"5","Intergenic",18.5314685314685,35.3452217649749,23.2187761944677,30.5933727202671,36.8283776734481
"6","Intron",15.0932400932401,24.7370827617741,18.3291422184968,35.3326483431801,33.094244479221
"7","Promoter",64.3356643356643,35.8481938728852,55.9653534506846,29.8099152324685,23.9914797426534
